"","text","favorited","favoriteCount","replyToSN","created","truncated","replyToSID","id","replyToUID","statusSource","screenName","retweetCount","isRetweet","retweeted","longitude","latitude"
"1","RT @SSMHealthSTL: This #flu season hasn‚Äôt been as intense as last year, but it should still be taken seriously. As many as 17.8 million peo‚Ä¶",FALSE,0,NA,2019-02-23 22:36:46,FALSE,NA,"1099437942957924352",NA,"<a href=""http://twitter.com/download/android"" rel=""nofollow"">Twitter for Android</a>","sdg98um",1,TRUE,FALSE,NA,NA
"2","@JudithsRevenge Multi-dose #Flu #Vaccines do contain #Thimerosal.

Read FLUZONE package insert, p.21:‚Ä¶ https://t.co/vTiHvsWwS5",FALSE,2,"ViraBurnayeva",2019-02-23 21:25:57,TRUE,"1099419704987402240","1099420120659750912","424664120","<a href=""http://twitter.com"" rel=""nofollow"">Twitter Web Client</a>","ViraBurnayeva",1,FALSE,FALSE,NA,NA
"3","Think the #flu #shot isn't worth it? Listen up! https://t.co/rZaUHKsfYV",FALSE,0,NA,2019-02-23 21:00:33,FALSE,NA,"1099413729442185217",NA,"<a href=""https://www.hootsuite.com"" rel=""nofollow"">Hootsuite Inc.</a>","StayYoungMedia",0,FALSE,FALSE,NA,NA
"4","This #flu season hasn‚Äôt been as intense as last year, but it should still be taken seriously. As many as 17.8 milli‚Ä¶ https://t.co/41Ei52azsX",FALSE,1,NA,2019-02-23 20:44:01,TRUE,NA,"1099409569166647298",NA,"<a href=""https://buffer.com"" rel=""nofollow"">Buffer</a>","ssmhealthwi",0,FALSE,FALSE,NA,NA
"5","RT @ViraBurnayeva: #STUDY: Vaccinating #Pregnant Women Didn't Reduce Risk for #Flu or #Pneumonia for Moms &amp; Babies

https://t.co/V9uatdEB21‚Ä¶",FALSE,0,NA,2019-02-23 20:42:53,FALSE,NA,"1099409282817249286",NA,"<a href=""http://placeholer.com"" rel=""nofollow"">RFD monitor backup 2</a>","MomAndNewborn",2,TRUE,FALSE,NA,NA
"6","#STUDY: Vaccinating #Pregnant Women Didn't Reduce Risk for #Flu or #Pneumonia for Moms &amp; Babies‚Ä¶ https://t.co/FF64zPu1hd",FALSE,1,NA,2019-02-23 20:05:42,TRUE,NA,"1099399923299241985",NA,"<a href=""http://ViraBurnayeva.com"" rel=""nofollow"">Vaccines and Homeopathy News</a>","ViraBurnayeva",2,FALSE,FALSE,NA,NA
"7","RT @ViraBurnayeva: A two-phase #STUDY provided new evidence supporting an association between #Thimerosal-containing #vaccines &amp; the subseq‚Ä¶",FALSE,0,NA,2019-02-23 18:28:37,FALSE,NA,"1099375493034491906",NA,"<a href=""http://twitter.com/download/android"" rel=""nofollow"">Twitter for Android</a>","kreativekonnect",7,TRUE,FALSE,NA,NA
"8","RT @ViraBurnayeva: A two-phase #STUDY provided new evidence supporting an association between #Thimerosal-containing #vaccines &amp; the subseq‚Ä¶",FALSE,0,NA,2019-02-23 18:26:09,FALSE,NA,"1099374871555932160",NA,"<a href=""http://twitter.com/#!/download/ipad"" rel=""nofollow"">Twitter for iPad</a>","OnAnonAnonAnon",7,TRUE,FALSE,NA,NA
"9","Someone get Bone an Imodium!
Too bad it would take the rest to the game to get it open. #flu",FALSE,7,NA,2019-02-23 18:25:38,FALSE,NA,"1099374743617236992",NA,"<a href=""http://twitter.com/download/iphone"" rel=""nofollow"">Twitter for iPhone</a>","BigOrangePruitt",0,FALSE,FALSE,NA,NA
"10","RT @ViraBurnayeva: A two-phase #STUDY provided new evidence supporting an association between #Thimerosal-containing #vaccines &amp; the subseq‚Ä¶",FALSE,0,NA,2019-02-23 18:22:41,FALSE,NA,"1099373998427832320",NA,"<a href=""http://twitter.com"" rel=""nofollow"">Twitter Web Client</a>","ViraBurnayeva",7,TRUE,FALSE,NA,NA
"11","RT @EverThriveIL: Even the healthiest adults are 50 - 60% less likely to contract the #flu, just by getting vaccinated! #GetAFluShot #KeepI‚Ä¶",FALSE,0,NA,2019-02-23 18:11:08,FALSE,NA,"1099371091439562752",NA,"<a href=""https://mobile.twitter.com"" rel=""nofollow"">Twitter Web App</a>","AbortivelyPrude",2,TRUE,FALSE,NA,NA
"12","I have #NOCLUE what‚Äôs in this but I really don‚Äôt know what‚Äôs in all the pills I take either so....cheers to getting‚Ä¶ https://t.co/dIzwSIHe09",FALSE,1,NA,2019-02-23 17:33:35,TRUE,NA,"1099361643975401472",NA,"<a href=""http://twitter.com/download/iphone"" rel=""nofollow"">Twitter for iPhone</a>","princess_bijous",0,FALSE,FALSE,NA,NA
"13","RT @MdMoolani: #urgentcare #nursepractitioners #flu #physician #primarycare #medicaleducation #nurse #emergencymedicine #diseaseprevention‚Ä¶",FALSE,0,NA,2019-02-23 16:59:59,FALSE,NA,"1099353188623355905",NA,"<a href=""http://twitter.com"" rel=""nofollow"">Twitter Web Client</a>","pdnocs",1,TRUE,FALSE,NA,NA
"14","#urgentcare #nursepractitioners #flu #physician #primarycare #medicaleducation #nurse #emergencymedicine‚Ä¶ https://t.co/GetaRJOB4l",FALSE,1,NA,2019-02-23 16:58:45,TRUE,NA,"1099352876089004035",NA,"<a href=""http://twitter.com/download/iphone"" rel=""nofollow"">Twitter for iPhone</a>","MdMoolani",1,FALSE,FALSE,NA,NA
"15","RT @chrishendel: US #flu activity increased again in the last week, reaching the highest levels of #influenza-like illness (ILI) so far dur‚Ä¶",FALSE,0,NA,2019-02-23 16:42:49,FALSE,NA,"1099348866229366784",NA,"<a href=""http://twitter.com/#!/download/ipad"" rel=""nofollow"">Twitter for iPad</a>","SaludHEALTHinfo",2,TRUE,FALSE,NA,NA
"16","RT @chrishendel: US #flu activity increased again in the last week, reaching the highest levels of #influenza-like illness (ILI) so far dur‚Ä¶",FALSE,0,NA,2019-02-23 16:38:28,FALSE,NA,"1099347774443802626",NA,"<a href=""https://www.hootsuite.com"" rel=""nofollow"">Hootsuite Inc.</a>","CIDRAP",2,TRUE,FALSE,NA,NA
"17","rallying the internal troops (#flu) to fly home to Chi tonight. _e.lee_ and I have been planning this event remotel‚Ä¶ https://t.co/x9zyrHzjGL",FALSE,0,NA,2019-02-23 16:36:05,TRUE,NA,"1099347172305207301",NA,"<a href=""http://instagram.com"" rel=""nofollow"">Instagram</a>","in_jenna_ral",0,FALSE,FALSE,"-87.6469116","41.8558617"
"18","I love it when my kids get sick &amp; then I get it because sharing is caring. #amusing #momdown #flu #plague‚Ä¶ https://t.co/VMIITzNQcA",FALSE,0,NA,2019-02-23 16:31:15,TRUE,NA,"1099345956376465410",NA,"<a href=""http://instagram.com"" rel=""nofollow"">Instagram</a>","RNmom213",0,FALSE,FALSE,NA,NA
"19","RT @ViraBurnayeva: US Government Pays Out Millions to Victims Killed or Paralyzed by #FluShot

https://t.co/8JJEOldj2f

Of those 89 cases c‚Ä¶",FALSE,0,NA,2019-02-23 16:12:45,FALSE,NA,"1099341300216856578",NA,"<a href=""http://twitter.com"" rel=""nofollow"">Twitter Web Client</a>","bocajoyce",6,TRUE,FALSE,NA,NA
"20","RT @ViraBurnayeva: US Government Pays Out Millions to Victims Killed or Paralyzed by #FluShot

https://t.co/8JJEOldj2f

Of those 89 cases c‚Ä¶",FALSE,0,NA,2019-02-23 15:31:49,FALSE,NA,"1099330998507061249",NA,"<a href=""http://twitter.com/download/iphone"" rel=""nofollow"">Twitter for iPhone</a>","svagdis",6,TRUE,FALSE,NA,NA
"21","This #flu season hasn‚Äôt been as intense as last year, but it should still be taken seriously. As many as 17.8 milli‚Ä¶ https://t.co/S4WqSnl8el",FALSE,0,NA,2019-02-23 15:20:00,TRUE,NA,"1099328025274003456",NA,"<a href=""http://expion.com"" rel=""nofollow"">ExpionDev</a>","SLUHospital",0,FALSE,FALSE,NA,NA
"22","This #flu season hasn‚Äôt been as intense as last year, but it should still be taken seriously. As many as 17.8 milli‚Ä¶ https://t.co/OegmFlYDJf",FALSE,0,NA,2019-02-23 15:20:00,TRUE,NA,"1099328025269886976",NA,"<a href=""http://expion.com"" rel=""nofollow"">ExpionDev</a>","SSMHealthSTL",1,FALSE,FALSE,NA,NA
"23","RT @ViraBurnayeva: US Government Pays Out Millions to Victims Killed or Paralyzed by #FluShot

https://t.co/8JJEOldj2f

Of those 89 cases c‚Ä¶",FALSE,0,NA,2019-02-23 15:01:29,FALSE,NA,"1099323365641342976",NA,"<a href=""https://mobile.twitter.com"" rel=""nofollow"">Twitter Web App</a>","FaithBoldness",6,TRUE,FALSE,NA,NA
"24","RT @ViraBurnayeva: US Government Pays Out Millions to Victims Killed or Paralyzed by #FluShot

https://t.co/8JJEOldj2f

Of those 89 cases c‚Ä¶",FALSE,0,NA,2019-02-23 14:56:43,FALSE,NA,"1099322164946366472",NA,"<a href=""http://twitter.com"" rel=""nofollow"">Twitter Web Client</a>","crwriter1",6,TRUE,FALSE,NA,NA
"25","RT @ViraBurnayeva: US Government Pays Out Millions to Victims Killed or Paralyzed by #FluShot

https://t.co/8JJEOldj2f

Of those 89 cases c‚Ä¶",FALSE,0,NA,2019-02-23 14:52:44,FALSE,NA,"1099321164642557955",NA,"<a href=""http://twitter.com/download/android"" rel=""nofollow"">Twitter for Android</a>","unsilentwitness",6,TRUE,FALSE,NA,NA
"26","RT @ViraBurnayeva: US Government Pays Out Millions to Victims Killed or Paralyzed by #FluShot

https://t.co/8JJEOldj2f

Of those 89 cases c‚Ä¶",FALSE,0,NA,2019-02-23 14:43:08,FALSE,NA,"1099318749822365698",NA,"<a href=""http://twitter.com/download/iphone"" rel=""nofollow"">Twitter for iPhone</a>","bcinfo4u",6,TRUE,FALSE,NA,NA
"27","US Government Pays Out Millions to Victims Killed or Paralyzed by #FluShot

https://t.co/8JJEOldj2f

Of those 89 ca‚Ä¶ https://t.co/WQM49EaV3B",FALSE,5,NA,2019-02-23 14:34:07,TRUE,NA,"1099316480510959618",NA,"<a href=""http://ViraBurnayeva.com"" rel=""nofollow"">Vaccines and Homeopathy News</a>","ViraBurnayeva",6,FALSE,FALSE,NA,NA
"28","Truth from a health care professional:

You need to get your #flu shot. Period.

No, it DOES NOT MAKE YOU SICK. If‚Ä¶ https://t.co/9C6uXgKDR8",FALSE,2,NA,2019-02-23 13:20:53,TRUE,NA,"1099298050563035136",NA,"<a href=""http://twitter.com/download/android"" rel=""nofollow"">Twitter for Android</a>","DavidZysk79",0,FALSE,FALSE,NA,NA
"29","RT @VaccinesToday: Six times more likely to have a heart attack in the week after flu diagnosis
 https://t.co/XEtfw4vxjr
#flu
#vaccineswork‚Ä¶",FALSE,0,NA,2019-02-23 12:14:06,FALSE,NA,"1099281243424866304",NA,"<a href=""http://twitter.com/download/android"" rel=""nofollow"">Twitter for Android</a>","Dante1LP",50,TRUE,FALSE,NA,NA
"30","RT @ViraBurnayeva: How Much Do You Really Know About the #Flu Vaccine?
https://t.co/2aBmNPjLws https://t.co/dxO0CG8Srk",FALSE,0,NA,2019-02-23 09:42:34,FALSE,NA,"1099243106917122048",NA,"<a href=""http://twitter.com/download/iphone"" rel=""nofollow"">Twitter for iPhone</a>","bcinfo4u",6,TRUE,FALSE,NA,NA
"31","RT @ViraBurnayeva: #STUDY: Post-vaccination Encephalomyelitis (#ADEM): literature review &amp; illustrative case

https://t.co/oKZ1h600Kl 

Pos‚Ä¶",FALSE,0,NA,2019-02-23 09:25:11,FALSE,NA,"1099238733793189888",NA,"<a href=""https://mobile.twitter.com"" rel=""nofollow"">Twitter Web App</a>","magi17111",4,TRUE,FALSE,NA,NA
"32","RT @Jk_Jeffery: Today's #HITsm chat has got me thinking about #Telemedicine and #hype. So I figured I'd share my recent #telemedicine exper‚Ä¶",FALSE,0,NA,2019-02-23 08:42:00,FALSE,NA,"1099227867106426880",NA,"<a href=""https://mobile.twitter.com"" rel=""nofollow"">Twitter Web App</a>","mitphomenpe",4,TRUE,FALSE,NA,NA
"33","I Woke up Wednesday Morning #Sick WITH The #FLU  #WhyME  And I CAN'T Hardly Even Speak My Throat is SO Sore, and Sw‚Ä¶ https://t.co/hfDXVsK18o",FALSE,0,NA,2019-02-23 06:28:22,TRUE,NA,"1099194237004861440",NA,"<a href=""http://twitter.com/download/android"" rel=""nofollow"">Twitter for Android</a>","WwwShawna",0,FALSE,FALSE,NA,NA
"34","RT @ViraBurnayeva: #STUDY: Post-vaccination Encephalomyelitis (#ADEM): literature review &amp; illustrative case

https://t.co/oKZ1h600Kl 

Pos‚Ä¶",FALSE,0,NA,2019-02-23 06:01:45,FALSE,NA,"1099187538839961602",NA,"<a href=""http://twitter.com/download/android"" rel=""nofollow"">Twitter for Android</a>","Sarah_Q_Smithy",4,TRUE,FALSE,NA,NA
"35","RT @ViraBurnayeva: Vitamin D Is More Effective Than #Flu #Vaccine, #Study Says

https://t.co/Af7eKMRvGN https://t.co/Lphc1M5kuW",FALSE,0,NA,2019-02-23 05:35:03,FALSE,NA,"1099180817786568705",NA,"<a href=""http://twitter.com/download/android"" rel=""nofollow"">Twitter for Android</a>","thinkfree55",9,TRUE,FALSE,NA,NA
"36","#STUDY: Post-vaccination Encephalomyelitis (#ADEM): literature review &amp; illustrative case

https://t.co/oKZ1h600Kl‚Ä¶ https://t.co/gskZOjlzpZ",FALSE,3,NA,2019-02-23 05:16:05,TRUE,NA,"1099176044584726528",NA,"<a href=""http://ViraBurnayeva.com"" rel=""nofollow"">Vaccines and Homeopathy News</a>","ViraBurnayeva",4,FALSE,FALSE,NA,NA
"37","RT @ViraBurnayeva: How Much Do You Really Know About the #Flu Vaccine?
https://t.co/2aBmNPjLws https://t.co/dxO0CG8Srk",FALSE,0,NA,2019-02-23 05:14:15,FALSE,NA,"1099175583035129858",NA,"<a href=""http://twitter.com/download/iphone"" rel=""nofollow"">Twitter for iPhone</a>","lisamichelle12",6,TRUE,FALSE,NA,NA
"38","RT @BotaniQDetroit: Check out #five #ways to #use cannabis when suffering from the #cold or #flu, both for #aid in #recovery and #fun.
#Can‚Ä¶",FALSE,0,NA,2019-02-23 04:43:03,FALSE,NA,"1099167731532877824",NA,"<a href=""http://twitter.com/download/iphone"" rel=""nofollow"">Twitter for iPhone</a>","DrCannabina",3,TRUE,FALSE,NA,NA
"39","RT @ViraBurnayeva: How Much Do You Really Know About the #Flu Vaccine?
https://t.co/2aBmNPjLws https://t.co/dxO0CG8Srk",FALSE,0,NA,2019-02-23 04:20:40,FALSE,NA,"1099162097319956480",NA,"<a href=""http://twitter.com/download/iphone"" rel=""nofollow"">Twitter for iPhone</a>","Parachasers",6,TRUE,FALSE,NA,NA
"40","RT @BotaniQDetroit: Check out #five #ways to #use cannabis when suffering from the #cold or #flu, both for #aid in #recovery and #fun.
#Can‚Ä¶",FALSE,0,NA,2019-02-23 04:03:07,FALSE,NA,"1099157683301699584",NA,"<a href=""http://twitter.com/download/android"" rel=""nofollow"">Twitter for Android</a>","Ecannawarrior86",3,TRUE,FALSE,NA,NA
"41","US #flu activity increased again in the last week, reaching the highest levels of #influenza-like illness (ILI) so‚Ä¶ https://t.co/xLQSKCNPAx",FALSE,0,NA,2019-02-23 02:40:27,TRUE,NA,"1099136878563999745",NA,"<a href=""http://twitter.com"" rel=""nofollow"">Twitter Web Client</a>","chrishendel",2,FALSE,FALSE,NA,NA
"42","RT @ViraBurnayeva: In 2016 #CDC Acknowledged that ""Nasal Spray"" #Flu #Vaccine Did Not Work &amp; Should Not Be Used 

https://t.co/cMRKdCz07e‚Ä¶",FALSE,0,NA,2019-02-23 02:20:25,FALSE,NA,"1099131837656584192",NA,"<a href=""http://twitter.com"" rel=""nofollow"">Twitter Web Client</a>","ViraBurnayeva",3,TRUE,FALSE,NA,NA
"43","RT @MdMoolani: #nursepractitioners #physician #urgentcare #primarycare #medicaleducation #heartdisease #nurse #flU #cardiology #emergencyme‚Ä¶",FALSE,0,NA,2019-02-23 01:44:29,FALSE,NA,"1099122794703536129",NA,"<a href=""http://twitter.com/download/iphone"" rel=""nofollow"">Twitter for iPhone</a>","SherryLDaugher4",2,TRUE,FALSE,NA,NA
"44","RT @ViraBurnayeva: How Much Do You Really Know About the #Flu Vaccine?
https://t.co/2aBmNPjLws https://t.co/dxO0CG8Srk",FALSE,0,NA,2019-02-23 01:26:56,FALSE,NA,"1099118376482267137",NA,"<a href=""https://mobile.twitter.com"" rel=""nofollow"">Twitter Web App</a>","Rainbow_Golden",6,TRUE,FALSE,NA,NA
"45","Protect yourself from the #flu this #FluSeason https://t.co/llwYwLCAq1",FALSE,2,NA,2019-02-23 01:14:21,FALSE,NA,"1099115211771006976",NA,"<a href=""http://twitter.com/download/iphone"" rel=""nofollow"">Twitter for iPhone</a>","Nazanin_ST",0,FALSE,FALSE,NA,NA
"46","caught me an amazing lil' thing known as a ""stomach #flu."" now if you wont mind me, ima go back to wondering how i‚Ä¶ https://t.co/9YWpbcfCkg",FALSE,1,NA,2019-02-23 00:33:43,TRUE,NA,"1099104985978101765",NA,"<a href=""http://twitter.com"" rel=""nofollow"">Twitter Web Client</a>","shiatryx",0,FALSE,FALSE,NA,NA
"47","RT @ViraBurnayeva: How Much Do You Really Know About the #Flu Vaccine?
https://t.co/2aBmNPjLws https://t.co/dxO0CG8Srk",FALSE,0,NA,2019-02-23 00:27:38,FALSE,NA,"1099103453752643584",NA,"<a href=""http://twitter.com/download/android"" rel=""nofollow"">Twitter for Android</a>","siriiusley",6,TRUE,FALSE,NA,NA
"48","How Much Do You Really Know About the #Flu Vaccine?
https://t.co/2aBmNPjLws https://t.co/dxO0CG8Srk",FALSE,5,NA,2019-02-23 00:23:29,FALSE,NA,"1099102411430547462",NA,"<a href=""http://ViraBurnayeva.com"" rel=""nofollow"">Vaccines and Homeopathy News</a>","ViraBurnayeva",6,FALSE,FALSE,NA,NA
"49","RT @umichmedicine: If the #flu season is getting you down, thank your lucky stars that you're living now and not 100 years ago, when a flu‚Ä¶",FALSE,0,NA,2019-02-22 23:49:27,FALSE,NA,"1099093843310534656",NA,"<a href=""http://twitter.com/download/iphone"" rel=""nofollow"">Twitter for iPhone</a>","karag",5,TRUE,FALSE,NA,NA
"50","RT @WIAAP: The death toll for children has risen to 41 this flu season. There's still time to vaccinate. #VaccinesWork #PutKids1st @AmerAca‚Ä¶",FALSE,0,NA,2019-02-22 23:00:26,FALSE,NA,"1099081511398268928",NA,"<a href=""http://twitter.com/download/iphone"" rel=""nofollow"">Twitter for iPhone</a>","Dr_ScottK",2,TRUE,FALSE,NA,NA
"51","RT @MidlandHealth4U: Canine Influenza: Is Your Dog at Risk?
https://t.co/zX7Nup7Tyz #dogsoftwitter #dog #canine #caninehealth #doggie #dogg‚Ä¶",FALSE,0,NA,2019-02-22 22:53:40,FALSE,NA,"1099079805222277120",NA,"<a href=""http://twitter.com/download/iphone"" rel=""nofollow"">Twitter for iPhone</a>","EmilyClareM24",1,TRUE,FALSE,NA,NA
"52","The death toll for children has risen to 41 this flu season. There's still time to vaccinate. #VaccinesWork‚Ä¶ https://t.co/5ulZzXllu8",FALSE,3,NA,2019-02-22 22:49:56,TRUE,NA,"1099078867548078080",NA,"<a href=""http://www.facebook.com/twitter"" rel=""nofollow"">Facebook</a>","WIAAP",2,FALSE,FALSE,NA,NA
"53","RT @BotaniQDetroit: Check out #five #ways to #use cannabis when suffering from the #cold or #flu, both for #aid in #recovery and #fun.
#Can‚Ä¶",FALSE,0,NA,2019-02-22 22:45:57,FALSE,NA,"1099077866128637953",NA,"<a href=""http://twitter.com/download/android"" rel=""nofollow"">Twitter for Android</a>","gypsywoman35",3,TRUE,FALSE,NA,NA
"54","Can you separate fact from fiction? Check our our founder @tsa7 in this article on 15 Flu Myths! 

#flu #cold #hr 

https://t.co/M9DcgoptZf",FALSE,0,NA,2019-02-22 22:17:26,FALSE,NA,"1099070689661853696",NA,"<a href=""http://twitter.com/download/iphone"" rel=""nofollow"">Twitter for iPhone</a>","VivenHealth",0,FALSE,FALSE,NA,NA
"55","RT @umichmedicine: If the #flu season is getting you down, thank your lucky stars that you're living now and not 100 years ago, when a flu‚Ä¶",FALSE,0,NA,2019-02-22 21:41:17,FALSE,NA,"1099061591398588417",NA,"<a href=""http://twitter.com"" rel=""nofollow"">Twitter Web Client</a>","RickFitzge",5,TRUE,FALSE,NA,NA
"56","RT @Jk_Jeffery: Today's #HITsm chat has got me thinking about #Telemedicine and #hype. So I figured I'd share my recent #telemedicine exper‚Ä¶",FALSE,0,NA,2019-02-22 21:08:32,FALSE,NA,"1099053347422666752",NA,"<a href=""https://about.twitter.com/products/tweetdeck"" rel=""nofollow"">TweetDeck</a>","TAYLORatKLAS",4,TRUE,FALSE,NA,NA
"57","RT @Jk_Jeffery: Today's #HITsm chat has got me thinking about #Telemedicine and #hype. So I figured I'd share my recent #telemedicine exper‚Ä¶",FALSE,0,NA,2019-02-22 21:08:28,FALSE,NA,"1099053334298714112",NA,"<a href=""https://about.twitter.com/products/tweetdeck"" rel=""nofollow"">TweetDeck</a>","Jason_Hess_KLAS",4,TRUE,FALSE,NA,NA
"58","RT @ViraBurnayeva: Vitamin D Is More Effective Than #Flu #Vaccine, #Study Says

https://t.co/Af7eKMRvGN https://t.co/Lphc1M5kuW",FALSE,0,NA,2019-02-22 21:02:47,FALSE,NA,"1099051901151334400",NA,"<a href=""http://twitter.com/download/iphone"" rel=""nofollow"">Twitter for iPhone</a>","svagdis",9,TRUE,FALSE,NA,NA
"59","RT @Jk_Jeffery: Today's #HITsm chat has got me thinking about #Telemedicine and #hype. So I figured I'd share my recent #telemedicine exper‚Ä¶",FALSE,0,NA,2019-02-22 21:02:11,FALSE,NA,"1099051749816512512",NA,"<a href=""https://about.twitter.com/products/tweetdeck"" rel=""nofollow"">TweetDeck</a>","mitchellized",4,TRUE,FALSE,NA,NA
"60","Today's #HITsm chat has got me thinking about #Telemedicine and #hype. So I figured I'd share my recent‚Ä¶ https://t.co/AxsiqKvj7G",FALSE,4,NA,2019-02-22 20:55:29,TRUE,NA,"1099050063333023744",NA,"<a href=""http://twitter.com"" rel=""nofollow"">Twitter Web Client</a>","Jk_Jeffery",4,FALSE,FALSE,NA,NA
"61","RT @CanberraCorp: Our new disinfectants are Check Mate compatible for faster, uniform #disinfection https://t.co/pHeOSnCHWN #flu @VictoryIn‚Ä¶",FALSE,0,NA,2019-02-22 20:51:09,FALSE,NA,"1099048974395133957",NA,"<a href=""http://twitter.com"" rel=""nofollow"">Twitter Web Client</a>","VictoryInnovCo",2,TRUE,FALSE,NA,NA
"62","RT @ViraBurnayeva: Vitamin D Is More Effective Than #Flu #Vaccine, #Study Says

https://t.co/Af7eKMRvGN https://t.co/Lphc1M5kuW",FALSE,0,NA,2019-02-22 20:47:57,FALSE,NA,"1099048168916955143",NA,"<a href=""http://twitter.com"" rel=""nofollow"">Twitter Web Client</a>","WinstonTesla",9,TRUE,FALSE,NA,NA
"63","RT @ViraBurnayeva: Vitamin D Is More Effective Than #Flu #Vaccine, #Study Says

https://t.co/Af7eKMRvGN https://t.co/Lphc1M5kuW",FALSE,0,NA,2019-02-22 20:47:39,FALSE,NA,"1099048093365030912",NA,"<a href=""http://twitter.com/download/android"" rel=""nofollow"">Twitter for Android</a>","unsilentwitness",9,TRUE,FALSE,NA,NA
"64","RT @ViraBurnayeva: Vitamin D Is More Effective Than #Flu #Vaccine, #Study Says

https://t.co/Af7eKMRvGN https://t.co/Lphc1M5kuW",FALSE,0,NA,2019-02-22 20:47:18,FALSE,NA,"1099048004164743169",NA,"<a href=""http://twitter.com"" rel=""nofollow"">Twitter Web Client</a>","RGuldell",9,TRUE,FALSE,NA,NA
"65","Vitamin D Is More Effective Than #Flu #Vaccine, #Study Says

https://t.co/Af7eKMRvGN https://t.co/Lphc1M5kuW",FALSE,15,NA,2019-02-22 20:46:03,FALSE,NA,"1099047691076714496",NA,"<a href=""http://ViraBurnayeva.com"" rel=""nofollow"">Vaccines and Homeopathy News</a>","ViraBurnayeva",9,FALSE,FALSE,NA,NA
"66","#FluFactFriday: The #influenza #vaccine is not perfect, but even if you get the #flu, the vaccine can prevent sever‚Ä¶ https://t.co/Msoe6RxBeW",FALSE,0,NA,2019-02-22 20:41:01,TRUE,NA,"1099046423750955008",NA,"<a href=""https://buffer.com"" rel=""nofollow"">Buffer</a>","MedPedsAllergy",0,FALSE,FALSE,NA,NA
"67","RT @ViraBurnayeva: #STUDY: #Thimerosal-containing Vaccines &amp; #AUTISM Risk

https://t.co/5fUqtWjJkI

#DidYouKnow that Thimerosal is still in‚Ä¶",FALSE,0,NA,2019-02-22 20:40:08,FALSE,NA,"1099046203315105798",NA,"<a href=""http://twitter.com/download/iphone"" rel=""nofollow"">Twitter for iPhone</a>","svagdis",2,TRUE,FALSE,NA,NA
"68","RT @FC_PublicHealth: Tune to @10TV this evening 5 p.m. - 6:30 p.m. to watch @Cierra10TV report on current #fluactivity in Franklin County &amp;‚Ä¶",FALSE,0,NA,2019-02-22 20:34:18,FALSE,NA,"1099044733240987653",NA,"<a href=""http://twitter.com/#!/download/ipad"" rel=""nofollow"">Twitter for iPad</a>","nancydayachauer",1,TRUE,FALSE,NA,NA
"69","RT @help_4_seniors: #Flu season is not done with us yet! After a decline in January, cases have been on the rise again in Ohio for the last‚Ä¶",FALSE,0,NA,2019-02-22 20:22:47,FALSE,NA,"1099041837107400704",NA,"<a href=""http://twitter.com"" rel=""nofollow"">Twitter Web Client</a>","SBSSla",1,TRUE,FALSE,NA,NA
"70","MT @umichmedicine: If the #flu season is getting you down, thank your stars that you're living now, not 100 years a‚Ä¶ https://t.co/ZXyDRB6EBn",FALSE,1,NA,2019-02-22 20:17:26,TRUE,NA,"1099040489238614017",NA,"<a href=""https://www.hootsuite.com"" rel=""nofollow"">Hootsuite Inc.</a>","MFBrehab",0,FALSE,FALSE,NA,NA
"71","#Flu season is not done with us yet! After a decline in January, cases have been on the rise again in Ohio for the‚Ä¶ https://t.co/wVL4nonArT",FALSE,1,NA,2019-02-22 20:16:47,TRUE,NA,"1099040324696068098",NA,"<a href=""https://www.mavsocial.com"" rel=""nofollow"">MavSocial App</a>","help_4_seniors",1,FALSE,FALSE,NA,NA
"72","RT @publichealthOC: Protect yourself and your entire family. Get a #flu shot today. #FluFactFriday https://t.co/zx976ZfP3f https://t.co/Wl3‚Ä¶",FALSE,0,NA,2019-02-22 20:15:39,FALSE,NA,"1099040038724218882",NA,"<a href=""http://twitter.com"" rel=""nofollow"">Twitter Web Client</a>","OakGov",2,TRUE,FALSE,NA,NA
"73","I have also learned that I would not survive if I was the last human alive. I HATE being isolated for too long #sickday #flu #help",FALSE,0,NA,2019-02-22 20:06:15,FALSE,NA,"1099037675812737024",NA,"<a href=""http://twitter.com/download/iphone"" rel=""nofollow"">Twitter for iPhone</a>","meglubis",0,FALSE,FALSE,NA,NA
"74","Canine Influenza: Is Your Dog at Risk?
https://t.co/zX7Nup7Tyz #dogsoftwitter #dog #canine #caninehealth #doggie‚Ä¶ https://t.co/1p1W8nCkpq",FALSE,2,NA,2019-02-22 19:50:38,TRUE,NA,"1099033746496311296",NA,"<a href=""http://twitter.com"" rel=""nofollow"">Twitter Web Client</a>","MidlandHealth4U",1,FALSE,FALSE,NA,NA
"75","RT @umichmedicine: If the #flu season is getting you down, thank your lucky stars that you're living now and not 100 years ago, when a flu‚Ä¶",FALSE,0,NA,2019-02-22 19:50:31,FALSE,NA,"1099033716335218688",NA,"<a href=""https://mobile.twitter.com"" rel=""nofollow"">Twitter Web App</a>","Jamaal1124",5,TRUE,FALSE,NA,NA
"76","No, it's not too late to immunize your child against the flu. #VaccinesWork #flu #influenza @HealthyChildren‚Ä¶ https://t.co/WleEB5kTm0",FALSE,1,NA,2019-02-22 19:47:51,TRUE,NA,"1099033044844007424",NA,"<a href=""http://www.facebook.com/twitter"" rel=""nofollow"">Facebook</a>","WIAAP",0,FALSE,FALSE,NA,NA
"77","RT @ViraBurnayeva: #STUDY: #Thimerosal-containing Vaccines &amp; #AUTISM Risk

https://t.co/5fUqtWjJkI

#DidYouKnow that Thimerosal is still in‚Ä¶",FALSE,0,NA,2019-02-22 19:47:32,FALSE,NA,"1099032963570941952",NA,"<a href=""http://twitter.com"" rel=""nofollow"">Twitter Web Client</a>","WinstonTesla",2,TRUE,FALSE,NA,NA
"78","#STUDY: #Thimerosal-containing Vaccines &amp; #AUTISM Risk

https://t.co/5fUqtWjJkI

#DidYouKnow that Thimerosal is sti‚Ä¶ https://t.co/zgHsOByG4p",FALSE,1,NA,2019-02-22 19:46:56,TRUE,NA,"1099032813838442497",NA,"<a href=""http://ViraBurnayeva.com"" rel=""nofollow"">Vaccines and Homeopathy News</a>","ViraBurnayeva",2,FALSE,FALSE,NA,NA
"79","RT @publichealthOC: Protect yourself and your entire family. Get a #flu shot today. #FluFactFriday https://t.co/zx976ZfP3f https://t.co/Wl3‚Ä¶",FALSE,0,NA,2019-02-22 19:46:04,FALSE,NA,"1099032594912628736",NA,"<a href=""http://twitter.com"" rel=""nofollow"">Twitter Web Client</a>","wbloomfieldschl",2,TRUE,FALSE,NA,NA
"80","RT @umichmedicine: If the #flu season is getting you down, thank your lucky stars that you're living now and not 100 years ago, when a flu‚Ä¶",FALSE,0,NA,2019-02-22 19:45:21,FALSE,NA,"1099032415681634305",NA,"<a href=""https://about.twitter.com/products/tweetdeck"" rel=""nofollow"">TweetDeck</a>","UMich",5,TRUE,FALSE,NA,NA
"81","Protect yourself and your entire family. Get a #flu shot today. #FluFactFriday https://t.co/zx976ZfP3f https://t.co/Wl3tLw46wb",FALSE,2,NA,2019-02-22 19:45:17,FALSE,NA,"1099032399638335488",NA,"<a href=""https://www.hootsuite.com"" rel=""nofollow"">Hootsuite Inc.</a>","publichealthOC",2,FALSE,FALSE,NA,NA
"82","If the #flu season is getting you down, thank your lucky stars that you're living now and not 100 years ago, when a‚Ä¶ https://t.co/LA5jympvUw",FALSE,21,NA,2019-02-22 19:42:01,TRUE,NA,"1099031577407959040",NA,"<a href=""https://sproutsocial.com"" rel=""nofollow"">Sprout Social</a>","umichmedicine",5,FALSE,FALSE,NA,NA
"83","Tune to @10TV this evening 5 p.m. - 6:30 p.m. to watch @Cierra10TV report on current #fluactivity in Franklin Count‚Ä¶ https://t.co/aRHTBfLdml",FALSE,1,NA,2019-02-22 19:12:21,TRUE,NA,"1099024111244886018",NA,"<a href=""http://twitter.com"" rel=""nofollow"">Twitter Web Client</a>","FC_PublicHealth",1,FALSE,FALSE,NA,NA
"84","The most commonly identified causes of acute respiratory tract infection in Dane County, Wisconsin are Coronavirus‚Ä¶ https://t.co/8ei0lQXgLs",FALSE,1,NA,2019-02-22 19:06:59,TRUE,NA,"1099022760796454912",NA,"<a href=""http://twitter.com"" rel=""nofollow"">Twitter Web Client</a>","Wi_Flu_Fighters",0,FALSE,FALSE,NA,NA
"85","#Fluwatch2019 has taken down 50% of our household. Welcome to the Patrick-Howard hospital. #flu",FALSE,1,NA,2019-02-22 18:56:27,FALSE,NA,"1099020110495391744",NA,"<a href=""http://twitter.com"" rel=""nofollow"">Twitter Web Client</a>","RPHWrites",0,FALSE,FALSE,NA,NA
"86","RT @ViraBurnayeva: Guillain Barr√© Syndrome is #1 in #Vaccine #Injury Compensations due to #Flu Shots

https://t.co/aEdpHxvwlx https://t.co/‚Ä¶",FALSE,0,NA,2019-02-22 17:42:13,FALSE,NA,"1099001429627412480",NA,"<a href=""http://twitter.com/download/android"" rel=""nofollow"">Twitter for Android</a>","its_a_jungle_",8,TRUE,FALSE,NA,NA
"87","I have influenza B. Again. How is that even possible? #flu",FALSE,0,NA,2019-02-22 17:11:02,FALSE,NA,"1098993578997624838",NA,"<a href=""http://twitter.com/download/android"" rel=""nofollow"">Twitter for Android</a>","Xspectre8Actual",0,FALSE,FALSE,NA,NA
"88","Check out #five #ways to #use cannabis when suffering from the #cold or #flu, both for #aid in #recovery and #fun.‚Ä¶ https://t.co/eD6t0cNZZT",FALSE,3,NA,2019-02-22 17:01:53,TRUE,NA,"1098991275792125952",NA,"<a href=""https://www.hootsuite.com"" rel=""nofollow"">Hootsuite Inc.</a>","BotaniQDetroit",3,FALSE,FALSE,NA,NA
"89","RT @umichmedicine: 650,000 dead. Countless millions sick. A society at war with a virus - in the middle of a World War. Learn what the #flu‚Ä¶",FALSE,0,NA,2019-02-22 17:00:34,FALSE,NA,"1098990945670959104",NA,"<a href=""http://twitter.com"" rel=""nofollow"">Twitter Web Client</a>","JinaSawani",5,TRUE,FALSE,NA,NA
"90","As the #flu season is expected to grind down thru April, we want to remind you that it's not too late to get the fl‚Ä¶ https://t.co/Ch6WloA0DE",FALSE,1,NA,2019-02-22 17:00:23,TRUE,NA,"1098990899491733504",NA,"<a href=""https://www.hootsuite.com"" rel=""nofollow"">Hootsuite Inc.</a>","GreeneCoPH",0,FALSE,FALSE,NA,NA
"91","Holy sickness hell. I feel like I'm still hovering over my body, watching it move but feeling movement too, just no‚Ä¶ https://t.co/Ds2tojWnuu",FALSE,1,NA,2019-02-22 16:22:25,TRUE,NA,"1098981347220209669",NA,"<a href=""http://twitter.com/download/iphone"" rel=""nofollow"">Twitter for iPhone</a>","park_sav",0,FALSE,FALSE,NA,NA
"92","RT @umichmedicine: 650,000 dead. Countless millions sick. A society at war with a virus - in the middle of a World War. Learn what the #flu‚Ä¶",FALSE,0,NA,2019-02-22 15:25:02,FALSE,NA,"1098966903949799425",NA,"<a href=""http://twitter.com/download/iphone"" rel=""nofollow"">Twitter for iPhone</a>","BluntFutureDrJC",5,TRUE,FALSE,NA,NA
"93","RT @ViraBurnayeva: Guillain Barr√© Syndrome is #1 in #Vaccine #Injury Compensations due to #Flu Shots

https://t.co/aEdpHxvwlx https://t.co/‚Ä¶",FALSE,0,NA,2019-02-22 15:12:24,FALSE,NA,"1098963725451739137",NA,"<a href=""http://twitter.com/download/iphone"" rel=""nofollow"">Twitter for iPhone</a>","wboricua98",8,TRUE,FALSE,NA,NA
"94","We‚Äôre feeling better this morning so we are building our own video game! @bloxelsbuilder #flu #homesick https://t.co/ioQg61Vfow",FALSE,3,NA,2019-02-22 14:42:41,FALSE,NA,"1098956246340780033",NA,"<a href=""http://instagram.com"" rel=""nofollow"">Instagram</a>","WXMegs",0,FALSE,FALSE,NA,NA
"95","Getting over the flu this week. ü§¢Everyone is hopped up on meds but starting to feel better. We havent forgotten abo‚Ä¶ https://t.co/wwNXKywZz9",FALSE,0,NA,2019-02-22 14:17:27,TRUE,NA,"1098949897921937414",NA,"<a href=""http://twitter.com"" rel=""nofollow"">Twitter Web Client</a>","EnCompassIowa",0,FALSE,FALSE,NA,NA
"96","RT @ViraBurnayeva: Guillain Barr√© Syndrome is #1 in #Vaccine #Injury Compensations due to #Flu Shots

https://t.co/aEdpHxvwlx https://t.co/‚Ä¶",FALSE,0,NA,2019-02-22 14:12:28,FALSE,NA,"1098948644265328642",NA,"<a href=""http://twitter.com/download/iphone"" rel=""nofollow"">Twitter for iPhone</a>","BillJohnson0102",8,TRUE,FALSE,NA,NA
"97","RT @ViraBurnayeva: Guillain Barr√© Syndrome is #1 in #Vaccine #Injury Compensations due to #Flu Shots

https://t.co/aEdpHxvwlx https://t.co/‚Ä¶",FALSE,0,NA,2019-02-22 13:47:23,FALSE,NA,"1098942329417883648",NA,"<a href=""http://twitter.com/#!/download/ipad"" rel=""nofollow"">Twitter for iPad</a>","theeleanordavis",8,TRUE,FALSE,NA,NA
"98","RT @ViraBurnayeva: Guillain Barr√© Syndrome is #1 in #Vaccine #Injury Compensations due to #Flu Shots

https://t.co/aEdpHxvwlx https://t.co/‚Ä¶",FALSE,0,NA,2019-02-22 13:40:49,FALSE,NA,"1098940676203573250",NA,"<a href=""https://mobile.twitter.com"" rel=""nofollow"">Twitter Web App</a>","FaithBoldness",8,TRUE,FALSE,NA,NA
"99","RT @ViraBurnayeva: Guillain Barr√© Syndrome is #1 in #Vaccine #Injury Compensations due to #Flu Shots

https://t.co/aEdpHxvwlx https://t.co/‚Ä¶",FALSE,0,NA,2019-02-22 13:27:57,FALSE,NA,"1098937441522798595",NA,"<a href=""http://twitter.com/download/iphone"" rel=""nofollow"">Twitter for iPhone</a>","eyeboy14",8,TRUE,FALSE,NA,NA
"100","RT @ViraBurnayeva: Guillain Barr√© Syndrome is #1 in #Vaccine #Injury Compensations due to #Flu Shots

https://t.co/aEdpHxvwlx https://t.co/‚Ä¶",FALSE,0,NA,2019-02-22 13:27:20,FALSE,NA,"1098937283284070400",NA,"<a href=""http://twitter.com/download/android"" rel=""nofollow"">Twitter for Android</a>","DanaElizabeth69",8,TRUE,FALSE,NA,NA
"101","RT @ViraBurnayeva: Guillain Barr√© Syndrome is #1 in #Vaccine #Injury Compensations due to #Flu Shots

https://t.co/aEdpHxvwlx https://t.co/‚Ä¶",FALSE,0,NA,2019-02-22 13:07:39,FALSE,NA,"1098932332537495552",NA,"<a href=""http://twitter.com"" rel=""nofollow"">Twitter Web Client</a>","ChrisMilbank",8,TRUE,FALSE,NA,NA
"102","For the 1st time in 5-6yrs I had the #flu Jan., &amp; now a #cold...., this just isn't like me!
I blame the cold on too‚Ä¶ https://t.co/HguJbulyqx",FALSE,0,NA,2019-02-22 13:04:54,TRUE,NA,"1098931639013527553",NA,"<a href=""http://twitter.com"" rel=""nofollow"">Twitter Web Client</a>","hsdee",0,FALSE,FALSE,NA,NA
"103","Guillain Barr√© Syndrome is #1 in #Vaccine #Injury Compensations due to #Flu Shots

https://t.co/aEdpHxvwlx https://t.co/V576516pYR",FALSE,9,NA,2019-02-22 13:00:15,FALSE,NA,"1098930467095670785",NA,"<a href=""http://ViraBurnayeva.com"" rel=""nofollow"">Vaccines and Homeopathy News</a>","ViraBurnayeva",8,FALSE,FALSE,NA,NA
"104","RT @umichmedicine: 650,000 dead. Countless millions sick. A society at war with a virus - in the middle of a World War. Learn what the #flu‚Ä¶",FALSE,0,NA,2019-02-22 12:51:43,FALSE,NA,"1098928321763704832",NA,"<a href=""http://twitter.com/download/iphone"" rel=""nofollow"">Twitter for iPhone</a>","kirkenglehardt",5,TRUE,FALSE,NA,NA
"105","RT @umichmedicine: 650,000 dead. Countless millions sick. A society at war with a virus - in the middle of a World War. Learn what the #flu‚Ä¶",FALSE,0,NA,2019-02-22 12:49:53,FALSE,NA,"1098927857978490880",NA,"<a href=""http://twitter.com/download/iphone"" rel=""nofollow"">Twitter for iPhone</a>","karag",5,TRUE,FALSE,NA,NA
"106","RT @FOX19Robert: Augusta Independent School closed for a second day due to students sick with the flu, strep throat and stomach virus. I'm‚Ä¶",FALSE,0,NA,2019-02-22 11:34:48,FALSE,NA,"1098908965172322304",NA,"<a href=""http://twitter.com/download/android"" rel=""nofollow"">Twitter for Android</a>","BrightFame34",4,TRUE,FALSE,NA,NA
"107","As #FluSeason rages on, @StLCountyDOH and @SCCHealth say numbers have reached the highest total yet.‚Ä¶ https://t.co/8MwbeOOQ4I",FALSE,0,NA,2019-02-22 11:18:00,TRUE,NA,"1098904735707484164",NA,"<a href=""https://about.twitter.com/products/tweetdeck"" rel=""nofollow"">TweetDeck</a>","ProducerStitch",0,FALSE,FALSE,NA,NA
"108","RT @MdMoolani: #nursepractitioners #physician #urgentcare #primarycare #medicaleducation #heartdisease #nurse #flU #cardiology #emergencyme‚Ä¶",FALSE,0,NA,2019-02-22 11:15:35,FALSE,NA,"1098904127420223489",NA,"<a href=""http://www.twitter.com"" rel=""nofollow"">MedEdBot</a>","MedEdBot",2,TRUE,FALSE,NA,NA
"109","RT @WDTNKelleyKing: CONTINUING COVERAGE: We are in full swing of #FluSeason and there's a heartbreaking story out of Mason. A 10-year-old g‚Ä¶",FALSE,0,NA,2019-02-22 11:11:07,FALSE,NA,"1098903002952409088",NA,"<a href=""http://www.socialnewsdesk.com"" rel=""nofollow"">SocialNewsDesk</a>","WDTN",1,TRUE,FALSE,NA,NA
"110","#nursepractitioners #physician #urgentcare #primarycare #medicaleducation #heartdisease #nurse #flU #cardiology‚Ä¶ https://t.co/4wcArFqXMG",FALSE,2,NA,2019-02-22 11:07:29,TRUE,NA,"1098902090322194433",NA,"<a href=""http://twitter.com/download/iphone"" rel=""nofollow"">Twitter for iPhone</a>","MdMoolani",2,FALSE,FALSE,NA,NA
"111","RT @FOX19Robert: Augusta Independent School closed for a second day due to students sick with the flu, strep throat and stomach virus. I'm‚Ä¶",FALSE,0,NA,2019-02-22 10:39:28,FALSE,NA,"1098895037952376832",NA,"<a href=""http://twitter.com/download/iphone"" rel=""nofollow"">Twitter for iPhone</a>","FOX19DanW",4,TRUE,FALSE,NA,NA
"112","RT @FOX19Robert: Augusta Independent School closed for a second day due to students sick with the flu, strep throat and stomach virus. I'm‚Ä¶",FALSE,0,NA,2019-02-22 10:37:07,FALSE,NA,"1098894446811365376",NA,"<a href=""https://about.twitter.com/products/tweetdeck"" rel=""nofollow"">TweetDeck</a>","jbakerohio",4,TRUE,FALSE,NA,NA
"113","RT @FOX19Robert: Augusta Independent School closed for a second day due to students sick with the flu, strep throat and stomach virus. I'm‚Ä¶",FALSE,0,NA,2019-02-22 10:37:04,FALSE,NA,"1098894433372778499",NA,"<a href=""https://about.twitter.com/products/tweetdeck"" rel=""nofollow"">TweetDeck</a>","FOX19",4,TRUE,FALSE,NA,NA
"114","Augusta Independent School closed for a second day due to students sick with the flu, strep throat and stomach viru‚Ä¶ https://t.co/4R2g0eviih",FALSE,2,NA,2019-02-22 10:36:27,TRUE,NA,"1098894278728826885",NA,"<a href=""http://twitter.com/download/iphone"" rel=""nofollow"">Twitter for iPhone</a>","FOX19Robert",4,FALSE,FALSE,NA,NA
"115","CONTINUING COVERAGE: We are in full swing of #FluSeason and there's a heartbreaking story out of Mason. A 10-year-o‚Ä¶ https://t.co/6nl27ST4Vl",FALSE,0,NA,2019-02-22 10:29:47,TRUE,NA,"1098892601380532224",NA,"<a href=""http://twitter.com"" rel=""nofollow"">Twitter Web Client</a>","WDTNKelleyKing",1,FALSE,FALSE,NA,NA
"116","#flu https://t.co/k1kQx0eevy",FALSE,0,NA,2019-02-22 08:26:00,FALSE,NA,"1098861452574756864",NA,"<a href=""http://twitter.com/download/iphone"" rel=""nofollow"">Twitter for iPhone</a>","SharlotteJ",0,FALSE,FALSE,NA,NA
"117","RT @umichmedicine: 650,000 dead. Countless millions sick. A society at war with a virus - in the middle of a World War. Learn what the #flu‚Ä¶",FALSE,0,NA,2019-02-22 05:23:08,FALSE,NA,"1098815433401081856",NA,"<a href=""https://mobile.twitter.com"" rel=""nofollow"">Twitter Web App</a>","Jamaal1124",5,TRUE,FALSE,NA,NA
"118","650,000 dead. Countless millions sick. A society at war with a virus - in the middle of a World War. Learn what the‚Ä¶ https://t.co/sDuVH0mKfz",FALSE,9,NA,2019-02-22 04:18:01,TRUE,NA,"1098799046158966789",NA,"<a href=""https://sproutsocial.com"" rel=""nofollow"">Sprout Social</a>","umichmedicine",5,FALSE,FALSE,NA,NA
"119","RT @umichmedicine: Think this #flu season is bad? 100 years ago, it was much, much worse. Learn about the pandemic of 1918-1919, and what i‚Ä¶",FALSE,0,NA,2019-02-22 03:17:20,FALSE,NA,"1098783773624320001",NA,"<a href=""http://twitter.com/download/iphone"" rel=""nofollow"">Twitter for iPhone</a>","Tom_J_Giordano",5,TRUE,FALSE,NA,NA
"120","RT @CanberraCorp: Our new disinfectants are Check Mate compatible for faster, uniform #disinfection https://t.co/pHeOSnCHWN #flu @VictoryIn‚Ä¶",FALSE,0,NA,2019-02-22 02:17:01,FALSE,NA,"1098768595302141953",NA,"<a href=""http://twitter.com/download/iphone"" rel=""nofollow"">Twitter for iPhone</a>","scoche9876",2,TRUE,FALSE,NA,NA
"121","RT @MdMoolani: #nursepractitioners #physician #urgentcare #primarycare #medicaleducation #heartdisease #nurse #flU #cardiology #emergencyme‚Ä¶",FALSE,0,NA,2019-02-22 00:15:33,FALSE,NA,"1098738027583758336",NA,"<a href=""http://www.twitter.com"" rel=""nofollow"">MedEdBot</a>","MedEdBot",1,TRUE,FALSE,NA,NA
"122","#nursepractitioners #physician #urgentcare #primarycare #medicaleducation #heartdisease #nurse #flU #cardiology‚Ä¶ https://t.co/HBtJAxevGz",FALSE,1,NA,2019-02-22 00:14:48,TRUE,NA,"1098737834712809473",NA,"<a href=""http://twitter.com/download/iphone"" rel=""nofollow"">Twitter for iPhone</a>","MdMoolani",1,FALSE,FALSE,NA,NA
"123","I love how all the advice online is ‚Äúdon't blow your nose too often, it inflames the tissue and makes it run more‚Äù.‚Ä¶ https://t.co/OChTnBfKT1",FALSE,2,NA,2019-02-21 23:58:22,TRUE,NA,"1098733699263275008",NA,"<a href=""http://twitter.com/download/iphone"" rel=""nofollow"">Twitter for iPhone</a>","ClassicallyKate",0,FALSE,FALSE,NA,NA
"124","Flu cases are rising in Iowa. Stay safe! https://t.co/DCiL6xWcGw #news #flu #health",FALSE,1,NA,2019-02-21 23:55:04,FALSE,NA,"1098732872293404680",NA,"<a href=""https://www.hootsuite.com"" rel=""nofollow"">Hootsuite Inc.</a>","deborahystrauss",0,FALSE,FALSE,NA,NA
"125","ü§ßIt's that time of year - Stay well with a daily Wellness Shot! #wellness #flu #immunity #cincinnati‚Ä¶ https://t.co/VG1oQ1e4wH",FALSE,0,NA,2019-02-21 23:00:53,TRUE,NA,"1098719234354495488",NA,"<a href=""http://app.sendblur.com"" rel=""nofollow"">Social Media Publisher App </a>","greenfarmjuice",0,FALSE,FALSE,NA,NA
"126","RT @edwardhospital: How to know whether you have the #flu (and what to do about it) https://t.co/7Ff7FdtOfc #HealthyDriven https://t.co/Hsg‚Ä¶",FALSE,0,NA,2019-02-21 22:44:17,FALSE,NA,"1098715055502311426",NA,"<a href=""http://twitter.com/download/iphone"" rel=""nofollow"">Twitter for iPhone</a>","Janet_Hosey",1,TRUE,FALSE,NA,NA
"127","Still plenty of time to get the #flu vaccine here at #vaughnpharmacy https://t.co/C136qCXrjZ",FALSE,0,NA,2019-02-21 22:08:12,FALSE,NA,"1098705975794638848",NA,"<a href=""http://twitter.com"" rel=""nofollow"">Twitter Web Client</a>","vaughn_pharmacy",0,FALSE,FALSE,NA,NA
"128","#WisconsinWeeklyFluUpdate: Doctors and nurses are expecting to see a significant increase in patients over the next‚Ä¶ https://t.co/RWB0MBURyV",FALSE,0,NA,2019-02-21 21:31:52,TRUE,NA,"1098696834795618304",NA,"<a href=""http://twitter.com"" rel=""nofollow"">Twitter Web Client</a>","Wi_Flu_Fighters",0,FALSE,FALSE,NA,NA
"129","RT @janitor_mag: The #flu is increasingly spreading across the continental United States. To better assist your efforts, here is a reminder‚Ä¶",FALSE,0,NA,2019-02-21 21:12:39,FALSE,NA,"1098691998586949634",NA,"<a href=""http://twitter.com"" rel=""nofollow"">Twitter Web Client</a>","KimDawnReed",1,TRUE,FALSE,NA,NA
"130","How to know whether you have the #flu (and what to do about it) https://t.co/7Ff7FdtOfc #HealthyDriven https://t.co/HsgbJkwpxA",FALSE,0,NA,2019-02-21 20:55:06,FALSE,NA,"1098687580592373765",NA,"<a href=""https://www.hootsuite.com"" rel=""nofollow"">Hootsuite Inc.</a>","edwardhospital",1,FALSE,FALSE,NA,NA
"131","The #flu is increasingly spreading across the continental United States. To better assist your efforts, here is a r‚Ä¶ https://t.co/FyM6qVNM5j",FALSE,0,NA,2019-02-21 20:42:29,TRUE,NA,"1098684407081254912",NA,"<a href=""http://twitter.com"" rel=""nofollow"">Twitter Web Client</a>","janitor_mag",1,FALSE,FALSE,NA,NA
"132","Our new disinfectants are Check Mate compatible for faster, uniform #disinfection https://t.co/pHeOSnCHWN #flu‚Ä¶ https://t.co/KVpIpBY1Pe",FALSE,3,NA,2019-02-21 20:37:45,TRUE,NA,"1098683214196076545",NA,"<a href=""http://twitter.com"" rel=""nofollow"">Twitter Web Client</a>","CanberraCorp",2,FALSE,FALSE,NA,NA
"133","RT @umichmedicine: Think this #flu season is bad? 100 years ago, it was much, much worse. Learn about the pandemic of 1918-1919, and what i‚Ä¶",FALSE,0,NA,2019-02-21 19:57:01,FALSE,NA,"1098672963870695425",NA,"<a href=""https://mobile.twitter.com"" rel=""nofollow"">Twitter Web App</a>","UMichPath",5,TRUE,FALSE,NA,NA
"134","RT @umichmedicine: Think this #flu season is bad? 100 years ago, it was much, much worse. Learn about the pandemic of 1918-1919, and what i‚Ä¶",FALSE,0,NA,2019-02-21 19:52:15,FALSE,NA,"1098671762341089281",NA,"<a href=""http://twitter.com"" rel=""nofollow"">Twitter Web Client</a>","UM_DCOffice",5,TRUE,FALSE,NA,NA
"135","RT @umichmedicine: Think this #flu season is bad? 100 years ago, it was much, much worse. Learn about the pandemic of 1918-1919, and what i‚Ä¶",FALSE,0,NA,2019-02-21 19:46:28,FALSE,NA,"1098670307924156416",NA,"<a href=""http://twitter.com"" rel=""nofollow"">Twitter Web Client</a>","RickFitzge",5,TRUE,FALSE,NA,NA
"136","RT @UChicagoMed: The fever, the sneezes, the coughs... is it a cold or the #flu? Here's an easy guide that can help you figure it out. Read‚Ä¶",FALSE,0,NA,2019-02-21 19:21:33,FALSE,NA,"1098664037284487168",NA,"<a href=""http://twitter.com/download/iphone"" rel=""nofollow"">Twitter for iPhone</a>","kturaga",6,TRUE,FALSE,NA,NA
"137","RT @umichmedicine: Think this #flu season is bad? 100 years ago, it was much, much worse. Learn about the pandemic of 1918-1919, and what i‚Ä¶",FALSE,0,NA,2019-02-21 19:18:35,FALSE,NA,"1098663291017183237",NA,"<a href=""http://twitter.com/download/iphone"" rel=""nofollow"">Twitter for iPhone</a>","karag",5,TRUE,FALSE,NA,NA
"138","Think this #flu season is bad? 100 years ago, it was much, much worse. Learn about the pandemic of 1918-1919, and w‚Ä¶ https://t.co/e1Zfl7yalh",FALSE,7,NA,2019-02-21 19:15:05,TRUE,NA,"1098662412323078146",NA,"<a href=""https://sproutsocial.com"" rel=""nofollow"">Sprout Social</a>","umichmedicine",5,FALSE,FALSE,NA,NA
"139","RT @MdMoolani: #nursepractitioners #physician #urgentcare #primarycare #medicaleducation #heartdisease #nurse #flU #cardiology #emergencyme‚Ä¶",FALSE,0,NA,2019-02-21 18:22:54,FALSE,NA,"1098649276719091712",NA,"<a href=""http://twitter.com/download/iphone"" rel=""nofollow"">Twitter for iPhone</a>","napernurse",2,TRUE,FALSE,NA,NA
"140","RT @MdMoolani: #nursepractitioners #physician #urgentcare #primarycare #medicaleducation #heartdisease #nurse #flU #cardiology #emergencyme‚Ä¶",FALSE,0,NA,2019-02-21 18:15:30,FALSE,NA,"1098647415618445312",NA,"<a href=""http://www.twitter.com"" rel=""nofollow"">MedEdBot</a>","MedEdBot",2,TRUE,FALSE,NA,NA
"141","#nursepractitioners #physician #urgentcare #primarycare #medicaleducation #heartdisease #nurse #flU #cardiology‚Ä¶ https://t.co/5tKeq4fFIU",FALSE,2,NA,2019-02-21 18:09:27,TRUE,NA,"1098645893878767616",NA,"<a href=""http://twitter.com/download/iphone"" rel=""nofollow"">Twitter for iPhone</a>","MdMoolani",2,FALSE,FALSE,NA,NA
"142","Killer immune cells that can fight all strains of #influenza virus provide the potential for a universal, one-shot‚Ä¶ https://t.co/c5rQOogNTP",FALSE,1,NA,2019-02-21 18:00:02,TRUE,NA,"1098643523321106432",NA,"<a href=""http://www.linkedin.com/"" rel=""nofollow"">LinkedIn</a>","StephTweetChat",0,FALSE,FALSE,NA,NA
"143","RT @UChicagoMed: The fever, the sneezes, the coughs... is it a cold or the #flu? Here's an easy guide that can help you figure it out. Read‚Ä¶",FALSE,0,NA,2019-02-21 16:46:28,FALSE,NA,"1098625011701682178",NA,"<a href=""https://mobile.twitter.com"" rel=""nofollow"">Twitter Web App</a>","Susaggya",6,TRUE,FALSE,NA,NA
"144","@VasundharaBJP mam save #rajasthan from #swine #flu
mr. gehlot busy in his sattha.......

pls mam rise ur voice",FALSE,1,"VasundharaBJP",2019-02-21 16:39:16,FALSE,"1098621939864657920","1098623199200272384","1288175774","<a href=""http://twitter.com"" rel=""nofollow"">Twitter Web Client</a>","Sagarjaihindus1",0,FALSE,FALSE,NA,NA
"145","RT @ViraBurnayeva: #STUDY: #Flu #Vaccine Is Associated With 4.4 Times Increased Risk of Non-Flu Respiratory Infections

https://t.co/59oaU2‚Ä¶",FALSE,0,NA,2019-02-21 16:37:28,FALSE,NA,"1098622744843804672",NA,"<a href=""http://twitter.com/download/iphone"" rel=""nofollow"">Twitter for iPhone</a>","libertylives277",3,TRUE,FALSE,NA,NA
"146","The weekly #flu report provides updated numbers for St. Charles County during the 2018-2019 influenza season. To vi‚Ä¶ https://t.co/GyAio4i5qn",FALSE,0,NA,2019-02-21 16:35:05,TRUE,NA,"1098622144601313280",NA,"<a href=""https://www.hootsuite.com"" rel=""nofollow"">Hootsuite Inc.</a>","SCCHealth",0,FALSE,FALSE,NA,NA
"147","I just noticed that searches for ""elderberry and #flu"" have trended ‚¨ÜÔ∏è once again this #fluseason 
Q: Is‚Ä¶ https://t.co/cB2lSQogCS",FALSE,0,NA,2019-02-21 16:33:35,TRUE,NA,"1098621767613071361",NA,"<a href=""http://twitter.com"" rel=""nofollow"">Twitter Web Client</a>","chrishendel",0,FALSE,FALSE,NA,NA
"148","Dr. Humphries, MD, nephrologist: I started questioning #vaccines after seeing kidney functions go down within 24h a‚Ä¶ https://t.co/t2MIw52SWn",FALSE,3,NA,2019-02-21 16:03:07,TRUE,NA,"1098614100635119617",NA,"<a href=""http://ViraBurnayeva.com"" rel=""nofollow"">Vaccines and Homeopathy News</a>","ViraBurnayeva",0,FALSE,FALSE,NA,NA
"149","RT @UChicagoMed: The fever, the sneezes, the coughs... is it a cold or the #flu? Here's an easy guide that can help you figure it out. Read‚Ä¶",FALSE,0,NA,2019-02-21 15:59:02,FALSE,NA,"1098613071889735680",NA,"<a href=""http://twitter.com/download/iphone"" rel=""nofollow"">Twitter for iPhone</a>","AllJokerMen",6,TRUE,FALSE,NA,NA
"150","Yes!! Finally!!! I‚Äôm well enough to start back into my life!!! The #flu and #tonsillitis as an adult are no joke! I‚Ä¶ https://t.co/hIZYHMEcvx",FALSE,0,NA,2019-02-21 15:51:12,TRUE,NA,"1098611100499750917",NA,"<a href=""http://twitter.com/download/iphone"" rel=""nofollow"">Twitter for iPhone</a>","XTEDDIX",0,FALSE,FALSE,NA,NA
"151","RT @UChicagoMed: The fever, the sneezes, the coughs... is it a cold or the #flu? Here's an easy guide that can help you figure it out. Read‚Ä¶",FALSE,0,NA,2019-02-21 15:50:03,FALSE,NA,"1098610812497862656",NA,"<a href=""http://twitter.com/download/iphone"" rel=""nofollow"">Twitter for iPhone</a>","UCCancerCenter",6,TRUE,FALSE,NA,NA
"152","In the latest FluView report ending Feb. 9, the CDC revealed that 48 states have seen widespread flu activity. In f‚Ä¶ https://t.co/HtNdq7xKhX",FALSE,0,NA,2019-02-21 15:26:56,TRUE,NA,"1098604994524270593",NA,"<a href=""http://twitter.com"" rel=""nofollow"">Twitter Web Client</a>","apexreps",0,FALSE,FALSE,NA,NA
"153","Warren County 4th-grader dies after flu-related diagnosis, school district says  https://t.co/Cb1tNm6qAD #flu #Ohio",FALSE,1,NA,2019-02-21 15:00:01,FALSE,NA,"1098598221742526470",NA,"<a href=""http://www.socialnewsdesk.com"" rel=""nofollow"">SocialNewsDesk</a>","journalnews",0,FALSE,FALSE,NA,NA
"154","RT @ViraBurnayeva: Dr. Offit vs. Dr. Moss on #FluShot

https://t.co/suECxqK4Uc 

Dr. Alvin Moss' testimony was given before a Senate Commit‚Ä¶",FALSE,0,NA,2019-02-21 09:11:28,FALSE,NA,"1098510504933371906",NA,"<a href=""http://twitter.com/download/iphone"" rel=""nofollow"">Twitter for iPhone</a>","svagdis",2,TRUE,FALSE,NA,NA
"155","RT @ViraBurnayeva: Dr. Offit vs. Dr. Moss on #FluShot

https://t.co/suECxqK4Uc 

Dr. Alvin Moss' testimony was given before a Senate Commit‚Ä¶",FALSE,0,NA,2019-02-21 09:00:11,FALSE,NA,"1098507666920558593",NA,"<a href=""http://twitter.com/download/iphone"" rel=""nofollow"">Twitter for iPhone</a>","sarah69_sarah",2,TRUE,FALSE,NA,NA
"156","Dr. Offit vs. Dr. Moss on #FluShot

https://t.co/suECxqK4Uc 

Dr. Alvin Moss' testimony was given before a Senate C‚Ä¶ https://t.co/PHTFRhrjR3",FALSE,2,NA,2019-02-21 08:59:25,TRUE,NA,"1098507474846580736",NA,"<a href=""http://ViraBurnayeva.com"" rel=""nofollow"">Vaccines and Homeopathy News</a>","ViraBurnayeva",2,FALSE,FALSE,NA,NA
"157","RT @ViraBurnayeva: #STUDY: Failure of #Flu A #Vaccine to Protect Healthy Children Aged 6-24 months

https://t.co/OUoyCQS9zA

#vaccines #Lea‚Ä¶",FALSE,0,NA,2019-02-21 07:41:32,FALSE,NA,"1098487874268348416",NA,"<a href=""http://twitter.com"" rel=""nofollow"">Twitter Web Client</a>","ShelbyTMitchell",1,TRUE,FALSE,NA,NA
"158","#STUDY: Failure of #Flu A #Vaccine to Protect Healthy Children Aged 6-24 months

https://t.co/OUoyCQS9zA

#vaccines‚Ä¶ https://t.co/U5ESM19bkQ",FALSE,2,NA,2019-02-21 07:38:16,TRUE,NA,"1098487050930671617",NA,"<a href=""http://ViraBurnayeva.com"" rel=""nofollow"">Vaccines and Homeopathy News</a>","ViraBurnayeva",1,FALSE,FALSE,NA,NA
"159","RT @ViraBurnayeva: #STUDY: #Flu #Vaccine Is Associated With 4.4 Times Increased Risk of Non-Flu Respiratory Infections

https://t.co/59oaU2‚Ä¶",FALSE,0,NA,2019-02-21 06:50:42,FALSE,NA,"1098475078566768640",NA,"<a href=""http://twitter.com"" rel=""nofollow"">Twitter Web Client</a>","ViraBurnayeva",3,TRUE,FALSE,NA,NA
"160","RT @ViraBurnayeva: #DidYouKnow that #GMO #Flu vaccine Flublock contains insect virus #DNA &amp; armyworm cell proteins?

https://t.co/SmrV59vyp‚Ä¶",FALSE,0,NA,2019-02-21 03:09:09,FALSE,NA,"1098419325197791233",NA,"<a href=""http://twitter.com"" rel=""nofollow"">Twitter Web Client</a>","ViraBurnayeva",4,TRUE,FALSE,NA,NA
"161","RT @ViraBurnayeva: A two-phase #STUDY provided new evidence supporting an association between #Thimerosal-containing #vaccines &amp; the subseq‚Ä¶",FALSE,0,NA,2019-02-21 01:27:06,FALSE,NA,"1098393642006237184",NA,"<a href=""https://mobile.twitter.com"" rel=""nofollow"">Twitter Web App</a>","Rainbow_Golden",7,TRUE,FALSE,NA,NA
"162","RT @ViraBurnayeva: #STUDY: #Flu #Vaccine Is Associated With 4.4 Times Increased Risk of Non-Flu Respiratory Infections

https://t.co/59oaU2‚Ä¶",FALSE,0,NA,2019-02-21 01:24:29,FALSE,NA,"1098392985341853697",NA,"<a href=""https://mobile.twitter.com"" rel=""nofollow"">Twitter Web App</a>","Rainbow_Golden",3,TRUE,FALSE,NA,NA
"163","RT @ViraBurnayeva: BCBS gives a pediatrician $400 per child who's got 100% of #vaccines (including #Flu) they recommend by age of 2.

It's‚Ä¶",FALSE,0,NA,2019-02-20 22:36:41,FALSE,NA,"1098350756154011648",NA,"<a href=""http://twitter.com/download/android"" rel=""nofollow"">Twitter for Android</a>","Sarah_Q_Smithy",6,TRUE,FALSE,NA,NA
"164","RT @drcthompson: #Flu has hit our house and it‚Äôs not pretty, but we all got vaccinated so hoping for shorter duration, no secondary infecti‚Ä¶",FALSE,0,NA,2019-02-20 22:00:24,FALSE,NA,"1098341626802552833",NA,"<a href=""http://twitter.com/download/iphone"" rel=""nofollow"">Twitter for iPhone</a>","mtmdphd",2,TRUE,FALSE,NA,NA
"165","RT @UChicagoMed: The fever, the sneezes, the coughs... is it a cold or the #flu? Here's an easy guide that can help you figure it out. Read‚Ä¶",FALSE,0,NA,2019-02-20 21:45:00,FALSE,NA,"1098337750590414852",NA,"<a href=""https://mobile.twitter.com"" rel=""nofollow"">Twitter Web App</a>","757_beach",6,TRUE,FALSE,NA,NA
"166","The fever, the sneezes, the coughs... is it a cold or the #flu? Here's an easy guide that can help you figure it ou‚Ä¶ https://t.co/bjNSS8HqSX",FALSE,5,NA,2019-02-20 21:29:31,TRUE,NA,"1098333856061706240",NA,"<a href=""https://prod1.sprinklr.com"" rel=""nofollow"">Sprinklr Publishing</a>","UChicagoMed",6,FALSE,FALSE,NA,NA
"167","How is the year's #flu #vaccine doing? CDC data show it is  providing moderate levels of protection.‚Ä¶ https://t.co/EyIsgAkYex",FALSE,0,NA,2019-02-20 21:10:05,TRUE,NA,"1098328964089688065",NA,"<a href=""https://www.hootsuite.com"" rel=""nofollow"">Hootsuite Inc.</a>","KaneCoHealth",0,FALSE,FALSE,NA,NA
"168","RT @ViraBurnayeva: BCBS gives a pediatrician $400 per child who's got 100% of #vaccines (including #Flu) they recommend by age of 2.

It's‚Ä¶",FALSE,0,NA,2019-02-20 20:51:29,FALSE,NA,"1098324281816166400",NA,"<a href=""http://twitter.com/download/android"" rel=""nofollow"">Twitter for Android</a>","CloudyCounty",6,TRUE,FALSE,NA,NA
"169","RT @ViraBurnayeva: BCBS gives a pediatrician $400 per child who's got 100% of #vaccines (including #Flu) they recommend by age of 2.

It's‚Ä¶",FALSE,0,NA,2019-02-20 20:45:41,FALSE,NA,"1098322823204999184",NA,"<a href=""http://twitter.com"" rel=""nofollow"">Twitter Web Client</a>","ViraBurnayeva",6,TRUE,FALSE,NA,NA
"170","Do you have a cold or the #flu? The flu and the common cold have similar symptoms. Learn some ways to tell them apa‚Ä¶ https://t.co/CsyI1piOG9",FALSE,0,NA,2019-02-20 20:44:09,TRUE,NA,"1098322437639495681",NA,"<a href=""https://about.twitter.com/products/tweetdeck"" rel=""nofollow"">TweetDeck</a>","CherryHealthMI",0,FALSE,FALSE,NA,NA
"171","Is the end in sight yet? Darn Flu season. Here's *A Mom‚Äôs Guide to Dealing with Flu (Influenza) by a Nurse* #flu‚Ä¶ https://t.co/dQsq6RR9Ig",FALSE,0,NA,2019-02-20 19:21:00,TRUE,NA,"1098301511157891073",NA,"<a href=""https://about.twitter.com/products/tweetdeck"" rel=""nofollow"">TweetDeck</a>","kimberlycstarr",0,FALSE,FALSE,NA,NA
"172","RT @ViraBurnayeva: BCBS gives a pediatrician $400 per child who's got 100% of #vaccines (including #Flu) they recommend by age of 2.

It's‚Ä¶",FALSE,0,NA,2019-02-20 19:15:41,FALSE,NA,"1098300174202478598",NA,"<a href=""http://twitter.com/download/iphone"" rel=""nofollow"">Twitter for iPhone</a>","svagdis",6,TRUE,FALSE,NA,NA
"173","RT @ViraBurnayeva: BCBS gives a pediatrician $400 per child who's got 100% of #vaccines (including #Flu) they recommend by age of 2.

It's‚Ä¶",FALSE,0,NA,2019-02-20 18:24:08,FALSE,NA,"1098287201442508800",NA,"<a href=""http://twitter.com/#!/download/ipad"" rel=""nofollow"">Twitter for iPad</a>","basets",6,TRUE,FALSE,NA,NA
"174","RT @ViraBurnayeva: BCBS gives a pediatrician $400 per child who's got 100% of #vaccines (including #Flu) they recommend by age of 2.

It's‚Ä¶",FALSE,0,NA,2019-02-20 18:08:32,FALSE,NA,"1098283274294579200",NA,"<a href=""http://twitter.com/download/iphone"" rel=""nofollow"">Twitter for iPhone</a>","Parachasers",6,TRUE,FALSE,NA,NA
"175","BCBS gives a pediatrician $400 per child who's got 100% of #vaccines (including #Flu) they recommend by age of 2.‚Ä¶ https://t.co/BKlr9gOPCV",FALSE,7,NA,2019-02-20 18:05:58,TRUE,NA,"1098282628271230976",NA,"<a href=""http://ViraBurnayeva.com"" rel=""nofollow"">Vaccines and Homeopathy News</a>","ViraBurnayeva",6,FALSE,FALSE,NA,NA
"176","It‚Äôs not the #cold;  it‚Äôs the humidity‚Ä¶or lack thereof. 
Studies show that the #flu virus thrives in dry winter air‚Ä¶ https://t.co/Pq5mVKJU6w",FALSE,1,NA,2019-02-20 17:36:00,TRUE,NA,"1098275085704675328",NA,"<a href=""https://mobile.twitter.com"" rel=""nofollow"">Twitter Web App</a>","ComServCent",0,FALSE,FALSE,NA,NA
"177","Influenza, or the flu, is characterized as a contagious illness that the influenza virus directly causes. This viru‚Ä¶ https://t.co/nDufuJrZpY",FALSE,0,NA,2019-02-20 17:03:10,TRUE,NA,"1098266824750305280",NA,"<a href=""https://www.hootsuite.com"" rel=""nofollow"">Hootsuite Inc.</a>","care_pllc",0,FALSE,FALSE,NA,NA
"178","RT @ViraBurnayeva: #STUDY in CID Jrn: #Flu Shot Induces 4.4-Fold INCREASE in Non-Flu Acute Respiratory Infections

https://t.co/NIE00ABy7v‚Ä¶",FALSE,0,NA,2019-02-20 16:53:52,FALSE,NA,"1098264482604818432",NA,"<a href=""http://twitter.com"" rel=""nofollow"">Twitter Web Client</a>","ViraBurnayeva",4,TRUE,FALSE,NA,NA
"179","@macckenzie1 The #flu thrives in cold temperatures - have you gotten your flu shot yet?

It's not too late! We're o‚Ä¶ https://t.co/eRDicvr06z",FALSE,0,"macckenzie1",2019-02-20 16:11:56,TRUE,"1098228811425087489","1098253930096664577","2327671914","<a href=""http://twitter.com"" rel=""nofollow"">Twitter Web Client</a>","YaTroMD",0,FALSE,FALSE,NA,NA
"180","Influenza is on the rise in Wisconsin. See the latest report by @DHSWI: https://t.co/QSoS9HiM8m #fluseason‚Ä¶ https://t.co/WGfwP0cdNb",FALSE,0,NA,2019-02-20 16:05:16,TRUE,NA,"1098252255508221952",NA,"<a href=""http://twitter.com"" rel=""nofollow"">Twitter Web Client</a>","Wi_Flu_Fighters",0,FALSE,FALSE,NA,NA
"181","#Employers can reduce the effects of #flu season by providing #vaccinations at the #workplace and by encouraging em‚Ä¶ https://t.co/oxDRRf59tS",FALSE,0,NA,2019-02-20 15:28:22,TRUE,NA,"1098242967868006401",NA,"<a href=""http://twitter.com"" rel=""nofollow"">Twitter Web Client</a>","WorkForce_Paul",0,FALSE,FALSE,NA,NA
"182","RT @ViraBurnayeva: Read FLUZONE #Flu #Vaccine package insert, p.21:
https://t.co/EoOoRXFIFl

0.5 mL dose from the multi-dose vial contains‚Ä¶",FALSE,0,NA,2019-02-20 15:06:33,FALSE,NA,"1098237479138791432",NA,"<a href=""http://twitter.com/download/iphone"" rel=""nofollow"">Twitter for iPhone</a>","pbarc552",1,TRUE,FALSE,NA,NA
"183","#STUDY: #Flu #Vaccine Is Associated With 4.4 Times Increased Risk of Non-Flu Respiratory Infections‚Ä¶ https://t.co/TfgN1ldtyZ",FALSE,3,NA,2019-02-20 15:05:43,TRUE,NA,"1098237268626759680",NA,"<a href=""http://ViraBurnayeva.com"" rel=""nofollow"">Vaccines and Homeopathy News</a>","ViraBurnayeva",3,FALSE,FALSE,NA,NA
"184","When you blame ‚Å¶@tokenhiphop‚Å© for getting you sick. üòÇü§Øüò∑üôÑ‚ò†Ô∏èü§∑üèº‚Äç‚ôÄÔ∏è I hope you‚Äôre feeling better man! #flu #sickteam https://t.co/hDkpLdAUcO",FALSE,0,NA,2019-02-20 14:52:43,FALSE,NA,"1098233995781947393",NA,"<a href=""http://twitter.com/download/iphone"" rel=""nofollow"">Twitter for iPhone</a>","SchraubAshley",0,FALSE,FALSE,NA,NA
"185","RT @drcthompson: #Flu has hit our house and it‚Äôs not pretty, but we all got vaccinated so hoping for shorter duration, no secondary infecti‚Ä¶",FALSE,0,NA,2019-02-20 14:42:52,FALSE,NA,"1098231517296447488",NA,"<a href=""http://twitter.com/download/iphone"" rel=""nofollow"">Twitter for iPhone</a>","Lymphoma_Doc",2,TRUE,FALSE,NA,NA
"186","Have you pre-booked your #flu vaccine supply for 2019-2020? Request our order form to receive price protection, pri‚Ä¶ https://t.co/0d1tEwn07o",FALSE,1,NA,2019-02-20 12:30:43,TRUE,NA,"1098198258948730882",NA,"<a href=""https://www.hootsuite.com"" rel=""nofollow"">Hootsuite Inc.</a>","cardinalhealth",0,FALSE,FALSE,NA,NA
"187","Read FLUZONE #Flu #Vaccine package insert, p.21:
https://t.co/EoOoRXFIFl

0.5 mL dose from the multi-dose vial cont‚Ä¶ https://t.co/Pk8Yqr0Fty",FALSE,0,NA,2019-02-20 12:14:24,TRUE,NA,"1098194154239209473",NA,"<a href=""http://ViraBurnayeva.com"" rel=""nofollow"">Vaccines and Homeopathy News</a>","ViraBurnayeva",1,FALSE,FALSE,NA,NA
"188","Case Investigations of Infectious Diseases Occurring in Workplaces, United States, 2006‚Äì2015‚Ä¶ https://t.co/Q3RFIPpeuA",FALSE,0,NA,2019-02-20 05:01:01,TRUE,NA,"1098085091077775360",NA,"<a href=""https://buffer.com"" rel=""nofollow"">Buffer</a>","zackcapp",0,FALSE,FALSE,NA,NA
"189","#Flu has hit our house and it‚Äôs not pretty, but we all got vaccinated so hoping for shorter duration, no secondary‚Ä¶ https://t.co/Jy4TE78Ibk",FALSE,13,NA,2019-02-20 03:50:32,TRUE,NA,"1098067353454153729",NA,"<a href=""http://twitter.com/#!/download/ipad"" rel=""nofollow"">Twitter for iPad</a>","drcthompson",2,FALSE,FALSE,NA,NA
"190","Case Investigations of Infectious Diseases Occurring in Workplaces, United States, 2006‚Äì2015‚Ä¶ https://t.co/BHrWmXeFz8",FALSE,0,NA,2019-02-20 03:00:22,TRUE,NA,"1098054727789699072",NA,"<a href=""https://buffer.com"" rel=""nofollow"">Buffer</a>","TheTruthStudio",0,FALSE,FALSE,NA,NA
"191","#Flu https://t.co/xtrLTAnSwO",FALSE,0,NA,2019-02-20 02:51:47,FALSE,NA,"1098052565097480196",NA,"<a href=""http://twitter.com/download/android"" rel=""nofollow"">Twitter for Android</a>","momof3moochers",0,FALSE,FALSE,NA,NA
